title,company,location,time,url
Data Analyst,Coniq,Barcelona,Hace 1 mes,https://es.linkedin.com/jobs/view/data-analyst-at-coniq-3652827423?refId=W4Jq8D%2F3hMr4bcAkUBbrPw%3D%3D&trackingId=pqmIOrd2vCcogCR34no93A%3D%3D&position=1&pageNum=0&trk=public_jobs_jserp-result_search-card
Data Visualization Analyst,Experfy,Barcelona,Hace 3 meses,https://es.linkedin.com/jobs/view/data-visualization-analyst-at-experfy-3590307510?refId=W4Jq8D%2F3hMr4bcAkUBbrPw%3D%3D&trackingId=5S0PnSY%2FVx0qEGthaU%2B99A%3D%3D&position=2&pageNum=0&trk=public_jobs_jserp-result_search-card
Data Analyst,Exoticca,Barcelona,Hace 2 meses,https://es.linkedin.com/jobs/view/data-analyst-at-exoticca-3622172076?refId=W4Jq8D%2F3hMr4bcAkUBbrPw%3D%3D&trackingId=zLd6ruwEvhNGJfGoYPArRQ%3D%3D&position=3&pageNum=0&trk=public_jobs_jserp-result_search-card
Data Analyst,Sanofi,Barcelona,Hace 1 semana,https://es.linkedin.com/jobs/view/data-analyst-at-sanofi-3651426366?refId=W4Jq8D%2F3hMr4bcAkUBbrPw%3D%3D&trackingId=hCAWXWgih3DenibckofVNg%3D%3D&position=4&pageNum=0&trk=public_jobs_jserp-result_search-card
Data Analyst,Birchman Group Spain,Barcelona,Hace 2 meses,https://es.linkedin.com/jobs/view/data-analyst-at-birchman-group-spain-3597191582?refId=W4Jq8D%2F3hMr4bcAkUBbrPw%3D%3D&trackingId=T%2F3oZPglyArlUN%2FqyOzb1A%3D%3D&position=5&pageNum=0&trk=public_jobs_jserp-result_search-card
Data Analyst - Tableau / PHARMA,Hays,Barcelona,Hace 1 semana,https://es.linkedin.com/jobs/view/data-analyst-tableau-pharma-at-hays-3647696075?refId=W4Jq8D%2F3hMr4bcAkUBbrPw%3D%3D&trackingId=2bXc9pSEIsTunN198UzNIg%3D%3D&position=6&pageNum=0&trk=public_jobs_jserp-result_search-card
Data Analyst - QA Tester,Experfy,Barcelona,Hace 1 mes,https://es.linkedin.com/jobs/view/data-analyst-qa-tester-at-experfy-3646112530?refId=W4Jq8D%2F3hMr4bcAkUBbrPw%3D%3D&trackingId=32UTh6cqPkvd7e9OjsgEyQ%3D%3D&position=7&pageNum=0&trk=public_jobs_jserp-result_search-card
Analista Visualización de Datos,Hays,Barcelona,Hace 1 semana,https://es.linkedin.com/jobs/view/analista-visualizaci%C3%B3n-de-datos-at-hays-3652086149?refId=W4Jq8D%2F3hMr4bcAkUBbrPw%3D%3D&trackingId=IewWym1HIoAAbGHidImEwg%3D%3D&position=8&pageNum=0&trk=public_jobs_jserp-result_search-card
Data Analyst,Proton | Privacy by Default,Barcelona,Hace 5 días,https://es.linkedin.com/jobs/view/data-analyst-at-proton-privacy-by-default-3655234899?refId=W4Jq8D%2F3hMr4bcAkUBbrPw%3D%3D&trackingId=EfLeMkfYQD6ytRVfHVYlBg%3D%3D&position=9&pageNum=0&trk=public_jobs_jserp-result_search-card
Data Analyst,Optimissa,Cornellà de Llobregat,Hace 4 días,https://es.linkedin.com/jobs/view/data-analyst-at-optimissa-3655380382?refId=W4Jq8D%2F3hMr4bcAkUBbrPw%3D%3D&trackingId=MTjFDg28hHP98yk0Dj9Fqw%3D%3D&position=10&pageNum=0&trk=public_jobs_jserp-result_search-card
Data Analyst,Wallapop,Barcelona,Hace 1 mes,https://es.linkedin.com/jobs/view/data-analyst-at-wallapop-3641794492?refId=W4Jq8D%2F3hMr4bcAkUBbrPw%3D%3D&trackingId=YDtqIN9nhP0Y0cIwj%2FU25g%3D%3D&position=11&pageNum=0&trk=public_jobs_jserp-result_search-card
Data Analyst,Agap2 España,Sant Cugat del Vallès,Hace 5 días,https://es.linkedin.com/jobs/view/data-analyst-at-agap2-espa%C3%B1a-3655229201?refId=W4Jq8D%2F3hMr4bcAkUBbrPw%3D%3D&trackingId=xgBj9NZftf67Kc%2Bmn%2BtJlA%3D%3D&position=12&pageNum=0&trk=public_jobs_jserp-result_search-card
Senior Data Analyst,TravelPerk,Barcelona,Hace 2 meses,https://es.linkedin.com/jobs/view/senior-data-analyst-at-travelperk-3612708323?refId=W4Jq8D%2F3hMr4bcAkUBbrPw%3D%3D&trackingId=Kto853XVTIkrCRgLvBqefA%3D%3D&position=13&pageNum=0&trk=public_jobs_jserp-result_search-card
Analista de Datos con MicroStrategy y Power BI (f/m),T-Systems Iberia,Barcelona,Hace 5 días,https://es.linkedin.com/jobs/view/analista-de-datos-con-microstrategy-y-power-bi-f-m-at-t-systems-iberia-3654441361?refId=W4Jq8D%2F3hMr4bcAkUBbrPw%3D%3D&trackingId=Hnxk5RpQbyLDUBwC3Q6ZoQ%3D%3D&position=14&pageNum=0&trk=public_jobs_jserp-result_search-card
Business Data Analyst,Lyreco España,Cornellà de Llobregat,Hace 5 días,https://es.linkedin.com/jobs/view/business-data-analyst-at-lyreco-espa%C3%B1a-3601557391?refId=W4Jq8D%2F3hMr4bcAkUBbrPw%3D%3D&trackingId=rzcQZcw%2BekfoaNCVfa9AAQ%3D%3D&position=15&pageNum=0&trk=public_jobs_jserp-result_search-card
"Data Analyst - Barcelona, España",Triangle Talent - Solutions RRHH (España),Barcelona,Hace 3 días,https://es.linkedin.com/jobs/view/data-analyst-barcelona-espa%C3%B1a-at-triangle-talent-solutions-rrhh-espa%C3%B1a-3658333032?refId=W4Jq8D%2F3hMr4bcAkUBbrPw%3D%3D&trackingId=0ZZW7vXZj%2FxMjo7JIfp3sw%3D%3D&position=16&pageNum=0&trk=public_jobs_jserp-result_search-card
Data Analyst,Page Personnel,Sant Cugat del Vallès,Hace 3 semanas,https://es.linkedin.com/jobs/view/data-analyst-at-page-personnel-3660009585?refId=W4Jq8D%2F3hMr4bcAkUBbrPw%3D%3D&trackingId=Fd693DIbhvF%2BWCCfNzv5cA%3D%3D&position=17&pageNum=0&trk=public_jobs_jserp-result_search-card
Data Analyst,Grupo Planeta,Hospitalet de Llobregat,Hace 2 meses,https://es.linkedin.com/jobs/view/data-analyst-at-grupo-planeta-3596696248?refId=W4Jq8D%2F3hMr4bcAkUBbrPw%3D%3D&trackingId=6j26XfF4lvXmPw8N2Ad%2BiQ%3D%3D&position=18&pageNum=0&trk=public_jobs_jserp-result_search-card
Data Analyst,Sunhero,Barcelona,Hace 1 semana,https://es.linkedin.com/jobs/view/data-analyst-at-sunhero-3645233332?refId=W4Jq8D%2F3hMr4bcAkUBbrPw%3D%3D&trackingId=8KkMJQ1veEf1GCcBoxl%2BHg%3D%3D&position=19&pageNum=0&trk=public_jobs_jserp-result_search-card
Marketing Data Analyst (Junior),Grupo Planeta,Hospitalet de Llobregat,Hace 2 semanas,https://es.linkedin.com/jobs/view/marketing-data-analyst-junior-at-grupo-planeta-3639519589?refId=W4Jq8D%2F3hMr4bcAkUBbrPw%3D%3D&trackingId=28PeYhq5ZUvFEwSxhfCi6A%3D%3D&position=20&pageNum=0&trk=public_jobs_jserp-result_search-card
Data Analyst,HOLA CONSULTORES SL,Barcelona,Hace 1 mes,https://es.linkedin.com/jobs/view/data-analyst-at-hola-consultores-sl-3622098728?refId=W4Jq8D%2F3hMr4bcAkUBbrPw%3D%3D&trackingId=hJ%2BMCKTmWz6Te7bDEk2CDQ%3D%3D&position=21&pageNum=0&trk=public_jobs_jserp-result_search-card
Marketing Data Analyst,Contentsquare,Barcelona,Hace 1 semana,https://es.linkedin.com/jobs/view/marketing-data-analyst-at-contentsquare-3630238515?refId=W4Jq8D%2F3hMr4bcAkUBbrPw%3D%3D&trackingId=24GFHKxG9jbGgC4l5CbsXA%3D%3D&position=22&pageNum=0&trk=public_jobs_jserp-result_search-card
Data Analyst,HOLA CONSULTORES SL,Barcelona,Hace 1 mes,https://es.linkedin.com/jobs/view/data-analyst-at-hola-consultores-sl-3624462514?refId=W4Jq8D%2F3hMr4bcAkUBbrPw%3D%3D&trackingId=Rhc2nZD32siZvj26m97g3w%3D%3D&position=23&pageNum=0&trk=public_jobs_jserp-result_search-card
Data Governance Analyst,Cognodata,Barcelona,Hace 2 semanas,https://es.linkedin.com/jobs/view/data-governance-analyst-at-cognodata-3641903494?refId=W4Jq8D%2F3hMr4bcAkUBbrPw%3D%3D&trackingId=jR0vjhyuK9D%2BL03iHZ%2F2Gw%3D%3D&position=24&pageNum=0&trk=public_jobs_jserp-result_search-card
Data Quality Analyst,PepsiCo,Barcelona,Hace 1 semana,https://es.linkedin.com/jobs/view/data-quality-analyst-at-pepsico-3611365204?refId=W4Jq8D%2F3hMr4bcAkUBbrPw%3D%3D&trackingId=bxhYv%2BhSfwz1CKGtuBaJCQ%3D%3D&position=25&pageNum=0&trk=public_jobs_jserp-result_search-card
Data Analyst,Danone,Barcelona,Hace 3 meses,https://es.linkedin.com/jobs/view/data-analyst-at-danone-3591949304?refId=BiR9UMQQAXferEIPJ9Sn4A%3D%3D&trackingId=QZ76ob0RoMAs1Bw%2F4i%2Bzig%3D%3D&position=1&pageNum=1&trk=public_jobs_jserp-result_search-card
Data Analyst,Popcarte,Barcelona,Hace 4 semanas,https://es.linkedin.com/jobs/view/data-analyst-at-popcarte-3632534242?refId=BiR9UMQQAXferEIPJ9Sn4A%3D%3D&trackingId=bynuNQiyJ%2B%2B%2F%2FD%2FiOE5BRg%3D%3D&position=2&pageNum=1&trk=public_jobs_jserp-result_search-card
Middle Data Analyst - Python (Incorporación en septiembre) - Barcelona,Teralco Group,Barcelona,Hace 3 días,https://es.linkedin.com/jobs/view/middle-data-analyst-python-incorporaci%C3%B3n-en-septiembre-barcelona-at-teralco-group-3658323687?refId=BiR9UMQQAXferEIPJ9Sn4A%3D%3D&trackingId=K8KTrEcJLmSB8c6lo5z2wA%3D%3D&position=3&pageNum=1&trk=public_jobs_jserp-result_search-card
Becario/a Analista de Datos,Grupo Planeta,Barcelona,Hace 2 semanas,https://es.linkedin.com/jobs/view/becario-a-analista-de-datos-at-grupo-planeta-3639526028?refId=BiR9UMQQAXferEIPJ9Sn4A%3D%3D&trackingId=LuSjg7Zs34qTdNzuuzMl0w%3D%3D&position=4&pageNum=1&trk=public_jobs_jserp-result_search-card
BECARIO/A DATA ANALYST CLIENTE,MANGO,Barcelona,Hace 1 mes,https://es.linkedin.com/jobs/view/becario-a-data-analyst-cliente-at-mango-3654863732?refId=BiR9UMQQAXferEIPJ9Sn4A%3D%3D&trackingId=wr2Blrd1Umo8TgWKP%2FhILA%3D%3D&position=5&pageNum=1&trk=public_jobs_jserp-result_search-card
Senior Data Analyst,MANGO,Barcelona,Hace 3 semanas,https://es.linkedin.com/jobs/view/senior-data-analyst-at-mango-3639779311?refId=BiR9UMQQAXferEIPJ9Sn4A%3D%3D&trackingId=2stMlbN3Xs3msWVHPetQMA%3D%3D&position=6&pageNum=1&trk=public_jobs_jserp-result_search-card
Business Intelligence / Data Analyst (m/f/d),TecAlliance,Barcelona,Hace 3 semanas,https://es.linkedin.com/jobs/view/business-intelligence-data-analyst-m-f-d-at-tecalliance-3640066164?refId=BiR9UMQQAXferEIPJ9Sn4A%3D%3D&trackingId=xcNMHHLEPZRqfCSB7kdn9A%3D%3D&position=7&pageNum=1&trk=public_jobs_jserp-result_search-card
Senior Data Analyst,MANGO,Barcelona,Hace 1 mes,https://es.linkedin.com/jobs/view/senior-data-analyst-at-mango-3640479673?refId=BiR9UMQQAXferEIPJ9Sn4A%3D%3D&trackingId=lqsR6GcKQrbgAqvMEOwIFg%3D%3D&position=8&pageNum=1&trk=public_jobs_jserp-result_search-card
Data Analyst (Operations Team),Holaluz.com,Barcelona,Hace 17 horas,https://es.linkedin.com/jobs/view/data-analyst-operations-team-at-holaluz-com-3659085512?refId=BiR9UMQQAXferEIPJ9Sn4A%3D%3D&trackingId=rdTcsB6fk%2FW1Xa9dgXvGTA%3D%3D&position=9&pageNum=1&trk=public_jobs_jserp-result_search-card
Junior Analytics Engineer,Exoticca,Barcelona,Hace 3 semanas,https://es.linkedin.com/jobs/view/junior-analytics-engineer-at-exoticca-3639804168?refId=BiR9UMQQAXferEIPJ9Sn4A%3D%3D&trackingId=PrwzQcrOpsemcM1aDwROGQ%3D%3D&position=10&pageNum=1&trk=public_jobs_jserp-result_search-card
Data Analyst,Winning Spain,Barcelona,Hace 1 semana,https://es.linkedin.com/jobs/view/data-analyst-at-winning-spain-3647691336?refId=BiR9UMQQAXferEIPJ9Sn4A%3D%3D&trackingId=kEvYAA1%2BwkqN78zpHwZUzA%3D%3D&position=11&pageNum=1&trk=public_jobs_jserp-result_search-card
BI Data Analyst,eDreams ODIGEO,Barcelona,Hace 3 días,https://es.linkedin.com/jobs/view/bi-data-analyst-at-edreams-odigeo-3656553634?refId=BiR9UMQQAXferEIPJ9Sn4A%3D%3D&trackingId=JDFVt82rn4cEzMZmr1W5%2FA%3D%3D&position=12&pageNum=1&trk=public_jobs_jserp-result_search-card
BI Analyst - Tableau or other BI Tools,TransPerfect,Barcelona,Hace 2 meses,https://es.linkedin.com/jobs/view/bi-analyst-tableau-or-other-bi-tools-at-transperfect-3495642414?refId=BiR9UMQQAXferEIPJ9Sn4A%3D%3D&trackingId=EjGejTaz6Iwc%2Be7xH3IUtQ%3D%3D&position=13&pageNum=1&trk=public_jobs_jserp-result_search-card
Senior marketing Data Analyst,Antal International,Barcelona,Hace 3 días,https://es.linkedin.com/jobs/view/senior-marketing-data-analyst-at-antal-international-3656531741?refId=BiR9UMQQAXferEIPJ9Sn4A%3D%3D&trackingId=gcIJP7vYNdW9uIWkRFytLQ%3D%3D&position=14&pageNum=1&trk=public_jobs_jserp-result_search-card
Digital & Data Analyst,eDreams ODIGEO,Barcelona,Hace 5 horas,https://es.linkedin.com/jobs/view/digital-data-analyst-at-edreams-odigeo-3659043138?refId=BiR9UMQQAXferEIPJ9Sn4A%3D%3D&trackingId=MfNlU45gTzWj3Bk%2BeRadLg%3D%3D&position=15&pageNum=1&trk=public_jobs_jserp-result_search-card
Data Analyst It · Barcelona,Malthus Darwin,Barcelona,Hace 2 semanas,https://es.linkedin.com/jobs/view/data-analyst-it-%C2%B7-barcelona-at-malthus-darwin-3645918485?refId=BiR9UMQQAXferEIPJ9Sn4A%3D%3D&trackingId=fwzf7nL5Tl%2F2bPCJG2K5wA%3D%3D&position=16&pageNum=1&trk=public_jobs_jserp-result_search-card
Data Event Analyst,NextLink Group,Sant Cugat del Vallès,Hace 3 semanas,https://es.linkedin.com/jobs/view/data-event-analyst-at-nextlink-group-3638308681?refId=BiR9UMQQAXferEIPJ9Sn4A%3D%3D&trackingId=%2FcgAwlOepGPsfY4AgLyU%2Fw%3D%3D&position=17&pageNum=1&trk=public_jobs_jserp-result_search-card
Data Analyst,The Knot Worldwide,Barcelona,Hace 4 días,https://es.linkedin.com/jobs/view/data-analyst-at-the-knot-worldwide-3657234795?refId=BiR9UMQQAXferEIPJ9Sn4A%3D%3D&trackingId=MW7tJqPDna3azvf5q2Ztsg%3D%3D&position=18&pageNum=1&trk=public_jobs_jserp-result_search-card
BI Analyst,Criteo,Barcelona,Hace 1 semana,https://es.linkedin.com/jobs/view/bi-analyst-at-criteo-3651025678?refId=BiR9UMQQAXferEIPJ9Sn4A%3D%3D&trackingId=lImKrUviqnk4f5Z%2FmVvAuA%3D%3D&position=19&pageNum=1&trk=public_jobs_jserp-result_search-card
Data Analyst,Prosperity Recruitment,Barcelona,Hace 2 meses,https://es.linkedin.com/jobs/view/data-analyst-at-prosperity-recruitment-3626841679?refId=BiR9UMQQAXferEIPJ9Sn4A%3D%3D&trackingId=fPPnOcdKiloQBMSOxpZyDg%3D%3D&position=20&pageNum=1&trk=public_jobs_jserp-result_search-card
Data Analyst,The Knot Worldwide,Sant Cugat del Vallès,Hace 4 días,https://es.linkedin.com/jobs/view/data-analyst-at-the-knot-worldwide-3657240489?refId=BiR9UMQQAXferEIPJ9Sn4A%3D%3D&trackingId=1LcS46FIHe0JjdUH0RGP3A%3D%3D&position=21&pageNum=1&trk=public_jobs_jserp-result_search-card
Analista de datos para para el Servicio de Movilidad (Bicing)   - Barcelona,Serveo,Barcelona,Hace 3 días,https://es.linkedin.com/jobs/view/analista-de-datos-para-para-el-servicio-de-movilidad-bicing-barcelona-at-serveo-3652468869?refId=BiR9UMQQAXferEIPJ9Sn4A%3D%3D&trackingId=VHxLf8wGVnLya4YAPK8HFw%3D%3D&position=22&pageNum=1&trk=public_jobs_jserp-result_search-card
Becario/a Analista de Datos,Grupo Planeta,Barcelona,Hace 3 semanas,https://es.linkedin.com/jobs/view/becario-a-analista-de-datos-at-grupo-planeta-3633367465?refId=BiR9UMQQAXferEIPJ9Sn4A%3D%3D&trackingId=ZR1e36BhbCBeXdvXbK8qvw%3D%3D&position=23&pageNum=1&trk=public_jobs_jserp-result_search-card
Data Analyst (on-site),Michael Page,Barcelona,Hace 1 semana,https://es.linkedin.com/jobs/view/data-analyst-on-site-at-michael-page-3646989199?refId=BiR9UMQQAXferEIPJ9Sn4A%3D%3D&trackingId=w8YM2EGztKzsmRo3BfiWeQ%3D%3D&position=24&pageNum=1&trk=public_jobs_jserp-result_search-card
Procurement Data Analyst,Allianz Technology,Barcelona,Hace 4 semanas,https://es.linkedin.com/jobs/view/procurement-data-analyst-at-allianz-technology-3632195074?refId=BiR9UMQQAXferEIPJ9Sn4A%3D%3D&trackingId=hckkQY7%2FA%2ByF7epOspk1CQ%3D%3D&position=25&pageNum=1&trk=public_jobs_jserp-result_search-card
Senior Data Analyst - Growth (They/She/He),Glovo,Barcelona,Hace 3 días,https://es.linkedin.com/jobs/view/senior-data-analyst-growth-they-she-he-at-glovo-3614803215?refId=3CTUzeccfFXvdNcERFLVNQ%3D%3D&trackingId=ygmTWQJb0i7LHx5nzdzdUw%3D%3D&position=1&pageNum=2&trk=public_jobs_jserp-result_search-card
Senior Data Analyst,TravelPerk,Barcelona,Hace 3 semanas,https://es.linkedin.com/jobs/view/senior-data-analyst-at-travelperk-3636090866?refId=3CTUzeccfFXvdNcERFLVNQ%3D%3D&trackingId=YmAdUFVzb0h6WlzK0jVytQ%3D%3D&position=2&pageNum=2&trk=public_jobs_jserp-result_search-card
Product Data Analyst - Logistics - Supply&Demand (They/She/He),Glovo,Barcelona y alrededores,Hace 1 semana,https://es.linkedin.com/jobs/view/product-data-analyst-logistics-supply-demand-they-she-he-at-glovo-3646697703?refId=3CTUzeccfFXvdNcERFLVNQ%3D%3D&trackingId=h3Up5IrJ36SnyiYY9ZyFSQ%3D%3D&position=3&pageNum=2&trk=public_jobs_jserp-result_search-card
Staff Data Analyst,Kiwi.com,Barcelona,Hace 1 semana,https://es.linkedin.com/jobs/view/staff-data-analyst-at-kiwi-com-3649977456?refId=3CTUzeccfFXvdNcERFLVNQ%3D%3D&trackingId=bl8xBJ8HXNap%2FdYEwC1nLw%3D%3D&position=4&pageNum=2&trk=public_jobs_jserp-result_search-card
Digital Analytics Internship,aurorajobs,Barcelona,Hace 4 días,https://es.linkedin.com/jobs/view/digital-analytics-internship-at-aurorajobs-3654535280?refId=3CTUzeccfFXvdNcERFLVNQ%3D%3D&trackingId=j3hIJZfR0uD576B75usv%2BA%3D%3D&position=5&pageNum=2&trk=public_jobs_jserp-result_search-card
Data Insights Analyst - DCR,Schneider Electric,Barcelona,Hace 1 mes,https://es.linkedin.com/jobs/view/data-insights-analyst-dcr-at-schneider-electric-3624595839?refId=3CTUzeccfFXvdNcERFLVNQ%3D%3D&trackingId=N6sZhQl%2FVlk0eEzedmHzOw%3D%3D&position=6&pageNum=2&trk=public_jobs_jserp-result_search-card
Business Intelligence / Data Analyst (m/w/d),TecAlliance,Barcelona,Hace 3 semanas,https://es.linkedin.com/jobs/view/business-intelligence-data-analyst-m-w-d-at-tecalliance-3640065329?refId=3CTUzeccfFXvdNcERFLVNQ%3D%3D&trackingId=233ChfNPFkyIAqa7zXS7Yg%3D%3D&position=7&pageNum=2&trk=public_jobs_jserp-result_search-card
Data Engineer,Coniq,Barcelona,Hace 1 mes,https://es.linkedin.com/jobs/view/data-engineer-at-coniq-3609300512?refId=3CTUzeccfFXvdNcERFLVNQ%3D%3D&trackingId=IJPm9FmF7SyNTBk%2Bon%2BIGw%3D%3D&position=8&pageNum=2&trk=public_jobs_jserp-result_search-card
Data Engineer,Experfy,Barcelona,Hace 1 mes,https://es.linkedin.com/jobs/view/data-engineer-at-experfy-3646111584?refId=3CTUzeccfFXvdNcERFLVNQ%3D%3D&trackingId=CLxWSXoe7uJqQqOiNgMZPw%3D%3D&position=9&pageNum=2&trk=public_jobs_jserp-result_search-card
Senior Data Analyst,PayFit France,Barcelona,Hace 1 semana,https://es.linkedin.com/jobs/view/senior-data-analyst-at-payfit-france-3648770011?refId=3CTUzeccfFXvdNcERFLVNQ%3D%3D&trackingId=7dF7uVYEwbB1X%2BhBE2DJ8A%3D%3D&position=10&pageNum=2&trk=public_jobs_jserp-result_search-card
Data Analytics Consultant - Barcelona,Making Science,Barcelona,Hace 1 mes,https://es.linkedin.com/jobs/view/data-analytics-consultant-barcelona-at-making-science-3611947552?refId=3CTUzeccfFXvdNcERFLVNQ%3D%3D&trackingId=mHhnkVjhH3EItuv%2F5Xq9%2FA%3D%3D&position=11&pageNum=2&trk=public_jobs_jserp-result_search-card
Prácticas como Data Analyst & CRO,ARKANA - La empresa de las Apps,Barcelona,Hace 1 mes,https://es.linkedin.com/jobs/view/pr%C3%A1cticas-como-data-analyst-cro-at-arkana-la-empresa-de-las-apps-3623027096?refId=3CTUzeccfFXvdNcERFLVNQ%3D%3D&trackingId=Dq53gbw7JdIjV6Y0ysoY6g%3D%3D&position=12&pageNum=2&trk=public_jobs_jserp-result_search-card
Data Analyst It · Barcelona (Aplicar En 3 Minutos),Malthus Darwin,Barcelona,Hace 3 días,https://es.linkedin.com/jobs/view/data-analyst-it-%C2%B7-barcelona-aplicar-en-3-minutos-at-malthus-darwin-3657765327?refId=3CTUzeccfFXvdNcERFLVNQ%3D%3D&trackingId=1v0XACSlWvHi0Gd%2BZYxPXg%3D%3D&position=13&pageNum=2&trk=public_jobs_jserp-result_search-card
Business Intelligence Analyst - Sector Financiero,Winning,Barcelona,Hace 1 semana,https://es.linkedin.com/jobs/view/business-intelligence-analyst-sector-financiero-at-winning-3650760815?refId=3CTUzeccfFXvdNcERFLVNQ%3D%3D&trackingId=AqZVmHULcydJT2kkEKb8Ng%3D%3D&position=14&pageNum=2&trk=public_jobs_jserp-result_search-card
Senior Data Analyst 40% Remoto,Page Personnel,Barcelona y alrededores,Hace 4 días,https://es.linkedin.com/jobs/view/senior-data-analyst-40%25-remoto-at-page-personnel-3657208153?refId=3CTUzeccfFXvdNcERFLVNQ%3D%3D&trackingId=gSmOimr0WkM%2FRZ%2BUGr3PjQ%3D%3D&position=15&pageNum=2&trk=public_jobs_jserp-result_search-card
Revenue Intelligence Analyst,Innovamat,Sant Cugat del Vallès,Hace 1 mes,https://es.linkedin.com/jobs/view/revenue-intelligence-analyst-at-innovamat-3651637467?refId=3CTUzeccfFXvdNcERFLVNQ%3D%3D&trackingId=C0UNhOciqojvEp1Np%2FZFMg%3D%3D&position=16&pageNum=2&trk=public_jobs_jserp-result_search-card
Senior Data Analyst - Marketing Analytics,Back Market,Barcelona,Hace 4 días,https://es.linkedin.com/jobs/view/senior-data-analyst-marketing-analytics-at-back-market-3655590359?refId=3CTUzeccfFXvdNcERFLVNQ%3D%3D&trackingId=nnz%2Br84FE9K1Kv2bkMnVCQ%3D%3D&position=17&pageNum=2&trk=public_jobs_jserp-result_search-card
Senior Marketing data analyst,Antal International,Barcelona,Hace 1 hora,https://es.linkedin.com/jobs/view/senior-marketing-data-analyst-at-antal-international-3659212840?refId=3CTUzeccfFXvdNcERFLVNQ%3D%3D&trackingId=CgmDQnXnlZBvvxZl9wudEw%3D%3D&position=18&pageNum=2&trk=public_jobs_jserp-result_search-card
Analista Business Intelligence (2 días teletrabajo),Mystery Project,Terrassa,Hace 1 mes,https://es.linkedin.com/jobs/view/analista-business-intelligence-2-d%C3%ADas-teletrabajo-at-mystery-project-3606873739?refId=3CTUzeccfFXvdNcERFLVNQ%3D%3D&trackingId=DM6tMCoBLbGasVXnKsqggQ%3D%3D&position=19&pageNum=2&trk=public_jobs_jserp-result_search-card
Business Intelligence trainee,HARTMANN GROUP,Mataró,Hace 2 meses,https://es.linkedin.com/jobs/view/business-intelligence-trainee-at-hartmann-group-3502820674?refId=3CTUzeccfFXvdNcERFLVNQ%3D%3D&trackingId=5y2t3PSLyPUK6ngsefWMtg%3D%3D&position=20&pageNum=2&trk=public_jobs_jserp-result_search-card
Data Engineer,Exoticca,Barcelona,Hace 3 semanas,https://es.linkedin.com/jobs/view/data-engineer-at-exoticca-3636831376?refId=3CTUzeccfFXvdNcERFLVNQ%3D%3D&trackingId=h%2B1jg%2B0lw1iL8oyfH%2BDaUw%3D%3D&position=21&pageNum=2&trk=public_jobs_jserp-result_search-card
European Data Analyst,Diversey,Viladecans,Hace 1 mes,https://es.linkedin.com/jobs/view/european-data-analyst-at-diversey-3613020010?refId=3CTUzeccfFXvdNcERFLVNQ%3D%3D&trackingId=NNNB1shPyKwbgTIAUNHVOQ%3D%3D&position=22&pageNum=2&trk=public_jobs_jserp-result_search-card
Analista cuantitativo,Claire Joster,Cornellà de Llobregat,Hace 1 semana,https://es.linkedin.com/jobs/view/analista-cuantitativo-at-claire-joster-3648418936?refId=3CTUzeccfFXvdNcERFLVNQ%3D%3D&trackingId=mXnwX5LBjqoyzvW3eUamzw%3D%3D&position=23&pageNum=2&trk=public_jobs_jserp-result_search-card
Senior Data Analyst,Zurich Insurance,Barcelona,Hace 2 semanas,https://es.linkedin.com/jobs/view/senior-data-analyst-at-zurich-insurance-3640266367?refId=3CTUzeccfFXvdNcERFLVNQ%3D%3D&trackingId=naP%2BtwbNJYNPHMYXQqb6Lw%3D%3D&position=24&pageNum=2&trk=public_jobs_jserp-result_search-card
"Data Analyst (Hybrid, Barcelona based candidates ONLY)",Joppy,Barcelona,Hace 1 semana,https://es.linkedin.com/jobs/view/data-analyst-hybrid-barcelona-based-candidates-only-at-joppy-3653931245?refId=3CTUzeccfFXvdNcERFLVNQ%3D%3D&trackingId=%2BQX44ynl8BU2Cb6jcNo%2Fqg%3D%3D&position=25&pageNum=2&trk=public_jobs_jserp-result_search-card
Middle Data Engineer - Python (Incorporación en septiembre) - Barcelona,Teralco Group,Barcelona,Hace 3 días,https://es.linkedin.com/jobs/view/middle-data-engineer-python-incorporaci%C3%B3n-en-septiembre-barcelona-at-teralco-group-3658314358?refId=bFpBTVMgXAPg22%2FRJ8PdCQ%3D%3D&trackingId=bvy%2F2jqDa2Dabsj8bCLkSQ%3D%3D&position=1&pageNum=3&trk=public_jobs_jserp-result_search-card
Odoo Developer & Data Analyst,IOMED,Barcelona,Hace 1 mes,https://es.linkedin.com/jobs/view/odoo-developer-data-analyst-at-iomed-3618762583?refId=bFpBTVMgXAPg22%2FRJ8PdCQ%3D%3D&trackingId=ll2q8NvXo19Rh1czc%2F68LQ%3D%3D&position=2&pageNum=3&trk=public_jobs_jserp-result_search-card
Power BI Consultant (I&D),Capgemini,Barcelona,Hace 1 semana,https://es.linkedin.com/jobs/view/power-bi-consultant-i-d-at-capgemini-3642774122?refId=bFpBTVMgXAPg22%2FRJ8PdCQ%3D%3D&trackingId=l70doPTOGFmz0bDe7UEB9w%3D%3D&position=3&pageNum=3&trk=public_jobs_jserp-result_search-card
Senior Project Manager/ Data Analyst,Infosys,Barcelona,Hace 1 semana,https://es.linkedin.com/jobs/view/senior-project-manager-data-analyst-at-infosys-3646621133?refId=bFpBTVMgXAPg22%2FRJ8PdCQ%3D%3D&trackingId=DiFJT1NUGWV8fIxlnjVFEQ%3D%3D&position=4&pageNum=3&trk=public_jobs_jserp-result_search-card
Business Intelligence Analyst,Winning Spain,Barcelona,Hace 1 semana,https://es.linkedin.com/jobs/view/business-intelligence-analyst-at-winning-spain-3647687840?refId=bFpBTVMgXAPg22%2FRJ8PdCQ%3D%3D&trackingId=S2qxb%2BQSXyRt0yfpWbzWog%3D%3D&position=5&pageNum=3&trk=public_jobs_jserp-result_search-card
Analytics Engineer,Exoticca,Barcelona,Hace 3 meses,https://es.linkedin.com/jobs/view/analytics-engineer-at-exoticca-3589772523?refId=bFpBTVMgXAPg22%2FRJ8PdCQ%3D%3D&trackingId=FPGxOiZvqLfGT6yY9aHzaw%3D%3D&position=6&pageNum=3&trk=public_jobs_jserp-result_search-card
Cloud Data Analyst Engineer (FinOps),Unit4,Barcelona,Hace 2 semanas,https://es.linkedin.com/jobs/view/cloud-data-analyst-engineer-finops-at-unit4-3644237879?refId=bFpBTVMgXAPg22%2FRJ8PdCQ%3D%3D&trackingId=Kyw28SOSfUlT%2F3MiHfZE0w%3D%3D&position=7&pageNum=3&trk=public_jobs_jserp-result_search-card
Sales Intelligence Senior Analyst,MongoDB,Barcelona,Hace 3 semanas,https://es.linkedin.com/jobs/view/sales-intelligence-senior-analyst-at-mongodb-3639858058?refId=bFpBTVMgXAPg22%2FRJ8PdCQ%3D%3D&trackingId=5cOr81F8kH5vntWk7ISb2w%3D%3D&position=8&pageNum=3&trk=public_jobs_jserp-result_search-card
Data engineer,Innovamat,Barcelona,Hace 1 mes,https://es.linkedin.com/jobs/view/data-engineer-at-innovamat-3628873009?refId=bFpBTVMgXAPg22%2FRJ8PdCQ%3D%3D&trackingId=cIzMo2a3zfL9pKwi4Ar%2F3w%3D%3D&position=9&pageNum=3&trk=public_jobs_jserp-result_search-card
Financial Data Analyst,"Americold Logistics, LLC.",Palau-solità i Plegamans,Hace 1 semana,https://es.linkedin.com/jobs/view/financial-data-analyst-at-americold-logistics-llc-3652608095?refId=bFpBTVMgXAPg22%2FRJ8PdCQ%3D%3D&trackingId=XR%2B7YFN8qY0kiVMfCSKOhw%3D%3D&position=10&pageNum=3&trk=public_jobs_jserp-result_search-card
Senior Business Intelligence Consultant,ClearPeaks,Barcelona,Hace 6 días,https://es.linkedin.com/jobs/view/senior-business-intelligence-consultant-at-clearpeaks-3592710835?refId=bFpBTVMgXAPg22%2FRJ8PdCQ%3D%3D&trackingId=8HvQLb4p1wyHNCRAvFV5rw%3D%3D&position=11&pageNum=3&trk=public_jobs_jserp-result_search-card
Senior Marketing Data Analyst,Antal International,Barcelona,Hace 1 semana,https://es.linkedin.com/jobs/view/senior-marketing-data-analyst-at-antal-international-3651291046?refId=bFpBTVMgXAPg22%2FRJ8PdCQ%3D%3D&trackingId=iDy40XR0yR%2FED38H6wV%2BTQ%3D%3D&position=12&pageNum=3&trk=public_jobs_jserp-result_search-card
Junior Data Engineer - Finance Data Operations,Schneider Electric,Barcelona,Hace 2 meses,https://es.linkedin.com/jobs/view/junior-data-engineer-finance-data-operations-at-schneider-electric-3620310326?refId=bFpBTVMgXAPg22%2FRJ8PdCQ%3D%3D&trackingId=R6QcZiE7sbVR3G3i5eLdYw%3D%3D&position=13&pageNum=3&trk=public_jobs_jserp-result_search-card
DATA ENGINEER,Eurecat - Centro Tecnológico de Catalunya,Barcelona,Hace 1 semana,https://es.linkedin.com/jobs/view/data-engineer-at-eurecat-centro-tecnol%C3%B3gico-de-catalunya-3652286825?refId=bFpBTVMgXAPg22%2FRJ8PdCQ%3D%3D&trackingId=1omYxsvwhUDdmLhJUDGP3w%3D%3D&position=14&pageNum=3&trk=public_jobs_jserp-result_search-card
Senior Data Analyst,Page Personnel,Barcelona,Hace 4 días,https://es.linkedin.com/jobs/view/senior-data-analyst-at-page-personnel-3657205286?refId=bFpBTVMgXAPg22%2FRJ8PdCQ%3D%3D&trackingId=PExYDNwJpxAEw3P%2FiigcqQ%3D%3D&position=15&pageNum=3&trk=public_jobs_jserp-result_search-card
"Data Engineer - SQL & Python (Hybrid, Barcelona) (Open)",Gartner,Barcelona,Hace 1 semana,https://es.linkedin.com/jobs/view/data-engineer-sql-python-hybrid-barcelona-open-at-gartner-3626301099?refId=bFpBTVMgXAPg22%2FRJ8PdCQ%3D%3D&trackingId=P1Dax5g%2FPT7gwb1p%2FztY0w%3D%3D&position=16&pageNum=3&trk=public_jobs_jserp-result_search-card
Data Engineer,Redarbor,Barcelona y alrededores,Hace 6 días,https://es.linkedin.com/jobs/view/data-engineer-at-redarbor-3654883881?refId=bFpBTVMgXAPg22%2FRJ8PdCQ%3D%3D&trackingId=0465LWUnxl19t1jJSe80vQ%3D%3D&position=17&pageNum=3&trk=public_jobs_jserp-result_search-card
Senior Data Analyst - Hybrid (Barcelona),Page Personnel,Barcelona,Hace 1 mes,https://es.linkedin.com/jobs/view/senior-data-analyst-hybrid-barcelona-at-page-personnel-3611966627?refId=bFpBTVMgXAPg22%2FRJ8PdCQ%3D%3D&trackingId=W0GGp6L4iTNUoJKyTRN%2Bqg%3D%3D&position=18&pageNum=3&trk=public_jobs_jserp-result_search-card
Business Analyst con PowerBI y Analytics,beside Talent,Barcelona,Hace 1 semana,https://es.linkedin.com/jobs/view/business-analyst-con-powerbi-y-analytics-at-beside-talent-3648433633?refId=bFpBTVMgXAPg22%2FRJ8PdCQ%3D%3D&trackingId=Vs%2FGPGlSGzRF0Z%2BJLCgBvw%3D%3D&position=19&pageNum=3&trk=public_jobs_jserp-result_search-card
Data Engineer,Manufacturing IT Recruitment,Barcelona,Hace 4 días,https://es.linkedin.com/jobs/view/data-engineer-at-manufacturing-it-recruitment-3656682840?refId=bFpBTVMgXAPg22%2FRJ8PdCQ%3D%3D&trackingId=HfmfewVoZenTntI3GUypag%3D%3D&position=20&pageNum=3&trk=public_jobs_jserp-result_search-card
Data Engineer- 100% remote - Spain based,Page Personnel,Barcelona,Hace 2 meses,https://es.linkedin.com/jobs/view/data-engineer-100%25-remote-spain-based-at-page-personnel-3592502064?refId=bFpBTVMgXAPg22%2FRJ8PdCQ%3D%3D&trackingId=yJzKgEMJmYe55U25JotnwA%3D%3D&position=21&pageNum=3&trk=public_jobs_jserp-result_search-card
Senior Data Analyst (Strategy Analytics),Scopely,Barcelona,Hace 5 días,https://es.linkedin.com/jobs/view/senior-data-analyst-strategy-analytics-at-scopely-3634118436?refId=bFpBTVMgXAPg22%2FRJ8PdCQ%3D%3D&trackingId=9BwHxMXTiR9QxHvl0uiELg%3D%3D&position=22&pageNum=3&trk=public_jobs_jserp-result_search-card
Data Analyst Coches.net,Adevinta,Barcelona,Hace 2 semanas,https://es.linkedin.com/jobs/view/data-analyst-coches-net-at-adevinta-3646524454?refId=bFpBTVMgXAPg22%2FRJ8PdCQ%3D%3D&trackingId=cUNIdO5bAoOL11GIKt6tvA%3D%3D&position=23&pageNum=3&trk=public_jobs_jserp-result_search-card
Data Engineer,Scalapay,Barcelona,Hace 1 día,https://es.linkedin.com/jobs/view/data-engineer-at-scalapay-3388882292?refId=bFpBTVMgXAPg22%2FRJ8PdCQ%3D%3D&trackingId=eDKiCJYB3Av%2Bzor%2FI8kmJA%3D%3D&position=24&pageNum=3&trk=public_jobs_jserp-result_search-card
Data Collection Engineer Analyst - BXPERT Adobe Analytics,JAKALA Iberia,Barcelona,Hace 3 horas,https://es.linkedin.com/jobs/view/data-collection-engineer-analyst-bxpert-adobe-analytics-at-jakala-iberia-3655097177?refId=bFpBTVMgXAPg22%2FRJ8PdCQ%3D%3D&trackingId=N2Qu4B36oTTCZ49ErdA3hw%3D%3D&position=25&pageNum=3&trk=public_jobs_jserp-result_search-card
Data Engineer,IOMED,Barcelona,Hace 1 semana,https://es.linkedin.com/jobs/view/data-engineer-at-iomed-3648777699?refId=CLoEIUyxODW3t2BM7DoEvQ%3D%3D&trackingId=7JiRQbVPmRH%2BPXFJGhRIcQ%3D%3D&position=1&pageNum=4&trk=public_jobs_jserp-result_search-card
Data Visualization Engineer - Tableau [Remote],Braintrust,Barcelona,Hace 4 días,https://es.linkedin.com/jobs/view/data-visualization-engineer-tableau-remote-at-braintrust-3656424180?refId=CLoEIUyxODW3t2BM7DoEvQ%3D%3D&trackingId=jrxfl4cR0Pk52PCmVgEp6w%3D%3D&position=2&pageNum=4&trk=public_jobs_jserp-result_search-card
Data Engineer / Data Steward,Fundació de Recerca Sant Joan de Déu,Esplugues de Llobregat,Hace 1 mes,https://es.linkedin.com/jobs/view/data-engineer-data-steward-at-fundaci%C3%B3-de-recerca-sant-joan-de-d%C3%A9u-3606873721?refId=CLoEIUyxODW3t2BM7DoEvQ%3D%3D&trackingId=N31f0M0BoGgxe1%2Fx2da0YA%3D%3D&position=3&pageNum=4&trk=public_jobs_jserp-result_search-card
Data Engineer,TransPerfect,Barcelona,Hace 2 meses,https://es.linkedin.com/jobs/view/data-engineer-at-transperfect-3496833638?refId=CLoEIUyxODW3t2BM7DoEvQ%3D%3D&trackingId=nWaU7aNDwGURJvIogSn8MA%3D%3D&position=4&pageNum=4&trk=public_jobs_jserp-result_search-card
Business Intelligence Analyst (Medical Device),Marlex,Barcelona,Hace 2 meses,https://es.linkedin.com/jobs/view/business-intelligence-analyst-medical-device-at-marlex-3596692552?refId=CLoEIUyxODW3t2BM7DoEvQ%3D%3D&trackingId=omuPhxa9VLB8mycq3IjBGQ%3D%3D&position=5&pageNum=4&trk=public_jobs_jserp-result_search-card
Senior Data Analyst - B2B (f/m/d),FREENOW,Barcelona,Hace 1 semana,https://es.linkedin.com/jobs/view/senior-data-analyst-b2b-f-m-d-at-freenow-3648912415?refId=CLoEIUyxODW3t2BM7DoEvQ%3D%3D&trackingId=eg5088NqQdKIwi5UtQ1SEg%3D%3D&position=6&pageNum=4&trk=public_jobs_jserp-result_search-card
Reporting and Analytics CSSD Business Analyst Graduate,HP,Sant Cugat del Vallès,Hace 1 mes,https://es.linkedin.com/jobs/view/reporting-and-analytics-cssd-business-analyst-graduate-at-hp-3614238138?refId=CLoEIUyxODW3t2BM7DoEvQ%3D%3D&trackingId=0OFtUe1M6Agxi5jWxvHLpw%3D%3D&position=7&pageNum=4&trk=public_jobs_jserp-result_search-card
Business Intelligence Consultant,Puig,Barcelona,Hace 1 semana,https://es.linkedin.com/jobs/view/business-intelligence-consultant-at-puig-3652279242?refId=CLoEIUyxODW3t2BM7DoEvQ%3D%3D&trackingId=qiPAduWbCUz2%2F235fTkmew%3D%3D&position=8&pageNum=4&trk=public_jobs_jserp-result_search-card
"Data Engineer - Barcelona, España",CMV Consultores,Barcelona,Hace 3 días,https://es.linkedin.com/jobs/view/data-engineer-barcelona-espa%C3%B1a-at-cmv-consultores-3658330279?refId=CLoEIUyxODW3t2BM7DoEvQ%3D%3D&trackingId=bFXv%2BVk6Xmip7gF3VJWDBQ%3D%3D&position=9&pageNum=4&trk=public_jobs_jserp-result_search-card
Data Engineer,HP,Sant Cugat del Vallès,Hace 2 semanas,https://es.linkedin.com/jobs/view/data-engineer-at-hp-3640513549?refId=CLoEIUyxODW3t2BM7DoEvQ%3D%3D&trackingId=YPzDtHe6UIsJB0CQTjF%2BBg%3D%3D&position=10&pageNum=4&trk=public_jobs_jserp-result_search-card
Data Engineer - 100% remote,Page Personnel,Barcelona,Hace 4 días,https://es.linkedin.com/jobs/view/data-engineer-100%25-remote-at-page-personnel-3657205163?refId=CLoEIUyxODW3t2BM7DoEvQ%3D%3D&trackingId=bCAL9Wvi6QSqXuPkLxq4FA%3D%3D&position=11&pageNum=4&trk=public_jobs_jserp-result_search-card
Data Engineer - Data Platform,Rover.com,Barcelona,Hace 2 meses,https://es.linkedin.com/jobs/view/data-engineer-data-platform-at-rover-com-3594803365?refId=CLoEIUyxODW3t2BM7DoEvQ%3D%3D&trackingId=r8h1GU%2FR0ZyicYwr9V5gkQ%3D%3D&position=12&pageNum=4&trk=public_jobs_jserp-result_search-card
Data Engineer - 100% Remote,Michael Page,Barcelona,Hace 3 meses,https://es.linkedin.com/jobs/view/data-engineer-100%25-remote-at-michael-page-3588690899?refId=CLoEIUyxODW3t2BM7DoEvQ%3D%3D&trackingId=4ZLBKCltkI237FvymunYDw%3D%3D&position=13&pageNum=4&trk=public_jobs_jserp-result_search-card
BUSINESS ANALYST DATA,ISPROX,Terrassa,Hace 3 semanas,https://es.linkedin.com/jobs/view/business-analyst-data-at-isprox-3645716347?refId=CLoEIUyxODW3t2BM7DoEvQ%3D%3D&trackingId=x2WXkcRj%2FyvM1WyzL4z0yw%3D%3D&position=14&pageNum=4&trk=public_jobs_jserp-result_search-card
CONSULTOR BI – DATA ENGINEER,VISEO IBERIA,Barcelona,Hace 4 horas,https://es.linkedin.com/jobs/view/consultor-bi-%E2%80%93-data-engineer-at-viseo-iberia-3621431267?refId=CLoEIUyxODW3t2BM7DoEvQ%3D%3D&trackingId=Iz8tLl1TcXQR%2BFKa7nD8wg%3D%3D&position=15&pageNum=4&trk=public_jobs_jserp-result_search-card
Consultor Power BI,Avanade,Barcelona,Hace 2 semanas,https://es.linkedin.com/jobs/view/consultor-power-bi-at-avanade-3616852968?refId=CLoEIUyxODW3t2BM7DoEvQ%3D%3D&trackingId=dHfdlQZSw6KjkP3cyJ3Ziw%3D%3D&position=16&pageNum=4&trk=public_jobs_jserp-result_search-card
Data Engineer,HOLA CONSULTORES SL,Barcelona,Hace 1 mes,https://es.linkedin.com/jobs/view/data-engineer-at-hola-consultores-sl-3625354032?refId=CLoEIUyxODW3t2BM7DoEvQ%3D%3D&trackingId=sxWpjUjTsa0dC0lMCXrfig%3D%3D&position=17&pageNum=4&trk=public_jobs_jserp-result_search-card
Data Engineer,Allianz Technology,Barcelona,Hace 4 semanas,https://es.linkedin.com/jobs/view/data-engineer-at-allianz-technology-3656550123?refId=CLoEIUyxODW3t2BM7DoEvQ%3D%3D&trackingId=en%2F6NQfzBzGJFo1C%2FxO2LQ%3D%3D&position=18&pageNum=4&trk=public_jobs_jserp-result_search-card
Senior Data Analyst - Hybrid (Barcelona),Michael Page,Barcelona,Hace 1 mes,https://es.linkedin.com/jobs/view/senior-data-analyst-hybrid-barcelona-at-michael-page-3639363861?refId=CLoEIUyxODW3t2BM7DoEvQ%3D%3D&trackingId=8PPKDokb8qw2XRKKl9oIQw%3D%3D&position=19&pageNum=4&trk=public_jobs_jserp-result_search-card
Data Engineer (m/f/d),BayWa r.e. EMEA,Barcelona,Hace 3 semanas,https://es.linkedin.com/jobs/view/data-engineer-m-f-d-at-baywa-r-e-emea-3633362341?refId=CLoEIUyxODW3t2BM7DoEvQ%3D%3D&trackingId=eYPS1YO3t5tfgXsa6OwuNw%3D%3D&position=20&pageNum=4&trk=public_jobs_jserp-result_search-card
Preventa Data & Analytics,Logicalis Spain,Barcelona,Hace 1 mes,https://es.linkedin.com/jobs/view/preventa-data-analytics-at-logicalis-spain-3636098651?refId=CLoEIUyxODW3t2BM7DoEvQ%3D%3D&trackingId=Kgaip5J4kIBfGLiXcSqgWg%3D%3D&position=21&pageNum=4&trk=public_jobs_jserp-result_search-card
Spark/Scala/Python Engineer,NTT DATA Europe & Latam,Barcelona,Hace 1 mes,https://es.linkedin.com/jobs/view/spark-scala-python-engineer-at-ntt-data-europe-latam-3365191028?refId=CLoEIUyxODW3t2BM7DoEvQ%3D%3D&trackingId=T4tfDz9%2BGRnUwzVa29CVrA%3D%3D&position=22&pageNum=4&trk=public_jobs_jserp-result_search-card
Data Engineer,Robert Walters,Barcelona,Hace 1 mes,https://es.linkedin.com/jobs/view/data-engineer-at-robert-walters-3636863496?refId=CLoEIUyxODW3t2BM7DoEvQ%3D%3D&trackingId=sdUFTNUDlzmQ9mCW%2FnuYCg%3D%3D&position=23&pageNum=4&trk=public_jobs_jserp-result_search-card
Junior Big Data Engineer (Tech Support) - Google Cloud Platform,Webhelp,Barcelona,Hace 8 horas,https://es.linkedin.com/jobs/view/junior-big-data-engineer-tech-support-google-cloud-platform-at-webhelp-3660008233?refId=CLoEIUyxODW3t2BM7DoEvQ%3D%3D&trackingId=4rGfK2UODGOtNW6W3f2%2F5A%3D%3D&position=24&pageNum=4&trk=public_jobs_jserp-result_search-card
Data Engineer - Snowflake expert,Experfy,Barcelona,Hace 3 meses,https://es.linkedin.com/jobs/view/data-engineer-snowflake-expert-at-experfy-3590301344?refId=CLoEIUyxODW3t2BM7DoEvQ%3D%3D&trackingId=WnLVk%2Blh6QQbYL35BegyAQ%3D%3D&position=25&pageNum=4&trk=public_jobs_jserp-result_search-card
Senior Product Data Analyst,eDreams ODIGEO,Barcelona,Hace 3 días,https://es.linkedin.com/jobs/view/senior-product-data-analyst-at-edreams-odigeo-3656556396?refId=3SUGH%2B2sHo4BT3aXZfWHuA%3D%3D&trackingId=5GNkmeKJJH0JgUZuPWSabA%3D%3D&position=1&pageNum=5&trk=public_jobs_jserp-result_search-card
Senior Game Data Analyst,Tilting Point,Barcelona,Hace 1 semana,https://es.linkedin.com/jobs/view/senior-game-data-analyst-at-tilting-point-3521795653?refId=3SUGH%2B2sHo4BT3aXZfWHuA%3D%3D&trackingId=7UYd8anlYDTH935nIZhSbQ%3D%3D&position=2&pageNum=5&trk=public_jobs_jserp-result_search-card
Graduate Statistical SAS Programmer FSP –Spain / Italy / Netherlands,Labcorp,Barcelona,Hace 2 semanas,https://es.linkedin.com/jobs/view/graduate-statistical-sas-programmer-fsp-%E2%80%93spain-italy-netherlands-at-labcorp-3643994431?refId=3SUGH%2B2sHo4BT3aXZfWHuA%3D%3D&trackingId=s6VYd16IZw5CuVseuHUvQA%3D%3D&position=3&pageNum=5&trk=public_jobs_jserp-result_search-card
Junior IT Process Engineer,Mur&Partners,Barcelona,Hace 1 semana,https://es.linkedin.com/jobs/view/junior-it-process-engineer-at-mur-partners-3649244278?refId=3SUGH%2B2sHo4BT3aXZfWHuA%3D%3D&trackingId=W5COBn1e1W2iUuM%2BjITCOg%3D%3D&position=4&pageNum=5&trk=public_jobs_jserp-result_search-card
IT Business Analyst - Commercial Planning Reporting Technologies,Nestlé,Esplugues de Llobregat,Hace 2 días,https://es.linkedin.com/jobs/view/it-business-analyst-commercial-planning-reporting-technologies-at-nestl%C3%A9-3638337881?refId=3SUGH%2B2sHo4BT3aXZfWHuA%3D%3D&trackingId=0L3dRkPZtVuf1HGTCto1vQ%3D%3D&position=5&pageNum=5&trk=public_jobs_jserp-result_search-card
Commercial - Data Engineer,PepsiCo,Barcelona,Hace 2 semanas,https://es.linkedin.com/jobs/view/commercial-data-engineer-at-pepsico-3602220465?refId=3SUGH%2B2sHo4BT3aXZfWHuA%3D%3D&trackingId=XYeJYF%2BV0c7F0Di%2FMiJ%2F0w%3D%3D&position=6&pageNum=5&trk=public_jobs_jserp-result_search-card
Digital Analytics Consultant Analyst - BXPERT Adobe Analytics,JAKALA Iberia,Barcelona,Hace 3 horas,https://es.linkedin.com/jobs/view/digital-analytics-consultant-analyst-bxpert-adobe-analytics-at-jakala-iberia-3655094530?refId=3SUGH%2B2sHo4BT3aXZfWHuA%3D%3D&trackingId=41BhDXNTD9uAmHN0uDR2uw%3D%3D&position=7&pageNum=5&trk=public_jobs_jserp-result_search-card
Data Engineer,IT Partner España,Barcelona,Hace 1 mes,https://es.linkedin.com/jobs/view/data-engineer-at-it-partner-espa%C3%B1a-3633925623?refId=3SUGH%2B2sHo4BT3aXZfWHuA%3D%3D&trackingId=rFw9zspOzwJfQPb1%2F5q4%2BQ%3D%3D&position=8&pageNum=5&trk=public_jobs_jserp-result_search-card
Data Engineer,Zurich Insurance,Barcelona,Hace 5 días,https://es.linkedin.com/jobs/view/data-engineer-at-zurich-insurance-3612098878?refId=3SUGH%2B2sHo4BT3aXZfWHuA%3D%3D&trackingId=tOIKVSgyhIk%2BLZa9RmE%2BBA%3D%3D&position=9&pageNum=5&trk=public_jobs_jserp-result_search-card
Data Engineer ESP,Teladoc Health,Barcelona,Hace 3 semanas,https://es.linkedin.com/jobs/view/data-engineer-esp-at-teladoc-health-3577026880?refId=3SUGH%2B2sHo4BT3aXZfWHuA%3D%3D&trackingId=GmuJgNqzEnS1CS4ERqH6Bw%3D%3D&position=10&pageNum=5&trk=public_jobs_jserp-result_search-card
Data Engineer,Sanofi,Barcelona,Hace 1 semana,https://es.linkedin.com/jobs/view/data-engineer-at-sanofi-3650322180?refId=3SUGH%2B2sHo4BT3aXZfWHuA%3D%3D&trackingId=VuB44ACfQdSuk0%2BJhYETag%3D%3D&position=11&pageNum=5&trk=public_jobs_jserp-result_search-card
Data Engineer - Data Platform,Rover.com,Barcelona,Hace 1 semana,https://es.linkedin.com/jobs/view/data-engineer-data-platform-at-rover-com-3597801007?refId=3SUGH%2B2sHo4BT3aXZfWHuA%3D%3D&trackingId=dBcI4OT5shx93jupQBO9UA%3D%3D&position=12&pageNum=5&trk=public_jobs_jserp-result_search-card
DATA ENGINEER,Eurecat - Centro Tecnológico de Catalunya,Barcelona,Hace 1 mes,https://es.linkedin.com/jobs/view/data-engineer-at-eurecat-centro-tecnol%C3%B3gico-de-catalunya-3630474588?refId=3SUGH%2B2sHo4BT3aXZfWHuA%3D%3D&trackingId=PhufBUT%2BhhbZO0qVpWhF3Q%3D%3D&position=13&pageNum=5&trk=public_jobs_jserp-result_search-card
Business Intelligence Specialist,TD SYNNEX,Barcelona,Hace 1 semana,https://es.linkedin.com/jobs/view/business-intelligence-specialist-at-td-synnex-3652117951?refId=3SUGH%2B2sHo4BT3aXZfWHuA%3D%3D&trackingId=NpLtUuoutKYq6MhzvZ39WA%3D%3D&position=14&pageNum=5&trk=public_jobs_jserp-result_search-card
Online Data Analyst,TELUS International,Barcelona,Hace 3 días,https://es.linkedin.com/jobs/view/online-data-analyst-at-telus-international-3658293346?refId=3SUGH%2B2sHo4BT3aXZfWHuA%3D%3D&trackingId=Zb5VTEJ3B9X65SD7D9rjjA%3D%3D&position=15&pageNum=5&trk=public_jobs_jserp-result_search-card
Computer Vision Engineer (Internship),Fluendo,Barcelona,Hace 1 mes,https://es.linkedin.com/jobs/view/computer-vision-engineer-internship-at-fluendo-3621713050?refId=3SUGH%2B2sHo4BT3aXZfWHuA%3D%3D&trackingId=xeFeUnPbuzsOwQpB9ANbng%3D%3D&position=16&pageNum=5&trk=public_jobs_jserp-result_search-card
Sr. Finance Data Analyst - ECA Region (They/She/He),Glovo,Barcelona,Hace 1 semana,https://es.linkedin.com/jobs/view/sr-finance-data-analyst-eca-region-they-she-he-at-glovo-3649208252?refId=3SUGH%2B2sHo4BT3aXZfWHuA%3D%3D&trackingId=MuG29OIEkXa3f5qEtgSGVg%3D%3D&position=17&pageNum=5&trk=public_jobs_jserp-result_search-card
Data Engineer | Barcelona | 40% Remote,Page Personnel,Barcelona y alrededores,Hace 3 meses,https://es.linkedin.com/jobs/view/data-engineer-barcelona-40%25-remote-at-page-personnel-3595177153?refId=3SUGH%2B2sHo4BT3aXZfWHuA%3D%3D&trackingId=09AV5FlvFU9Wc2YplK3Dng%3D%3D&position=18&pageNum=5&trk=public_jobs_jserp-result_search-card
Ingeniero de Datos (Spark y Nifi),Apiux Tecnología,Barcelona,Hace 2 semanas,https://es.linkedin.com/jobs/view/ingeniero-de-datos-spark-y-nifi-at-apiux-tecnolog%C3%ADa-3641896110?refId=3SUGH%2B2sHo4BT3aXZfWHuA%3D%3D&trackingId=0g0Vr1KVcFXbxEdxzfYaLA%3D%3D&position=19&pageNum=5&trk=public_jobs_jserp-result_search-card
Data Analyst Chapter Lead,Clevertask IT Solutions,Barcelona,Hace 1 semana,https://es.linkedin.com/jobs/view/data-analyst-chapter-lead-at-clevertask-it-solutions-3652239133?refId=3SUGH%2B2sHo4BT3aXZfWHuA%3D%3D&trackingId=HH8FItpM9aGV2OHWJ3hDkw%3D%3D&position=20&pageNum=5&trk=public_jobs_jserp-result_search-card
Consultor Business Intelligence,Avanade,Barcelona,Hace 6 días,https://es.linkedin.com/jobs/view/consultor-business-intelligence-at-avanade-3629549048?refId=3SUGH%2B2sHo4BT3aXZfWHuA%3D%3D&trackingId=6K%2FQZ45wO1gfe4cUsxx2Ag%3D%3D&position=21&pageNum=5&trk=public_jobs_jserp-result_search-card
Metadata Analyst,Schneider Electric,Barcelona,Hace 3 meses,https://es.linkedin.com/jobs/view/metadata-analyst-at-schneider-electric-3576082466?refId=3SUGH%2B2sHo4BT3aXZfWHuA%3D%3D&trackingId=RYMyINGtuPWL14WzAbVJnw%3D%3D&position=22&pageNum=5&trk=public_jobs_jserp-result_search-card
Junior Python Developer (Remote Internship – IT),TalentKompass Deutschland,Barcelona,Hace 3 días,https://es.linkedin.com/jobs/view/junior-python-developer-remote-internship-%E2%80%93-it-at-talentkompass-deutschland-3651758240?refId=3SUGH%2B2sHo4BT3aXZfWHuA%3D%3D&trackingId=U%2BeKoNMZEMAS%2BgQKQ80CtQ%3D%3D&position=23&pageNum=5&trk=public_jobs_jserp-result_search-card
Data Scientist (BI & Reporting Team) ESP,Teladoc Health,Barcelona,Hace 2 semanas,https://es.linkedin.com/jobs/view/data-scientist-bi-reporting-team-esp-at-teladoc-health-3577047473?refId=3SUGH%2B2sHo4BT3aXZfWHuA%3D%3D&trackingId=VS40syW6zELoPAlwj%2FOB6Q%3D%3D&position=24&pageNum=5&trk=public_jobs_jserp-result_search-card
ES- DATA ANALYST (inglés alto),Devoteam,Barcelona,Hace 1 día,https://es.linkedin.com/jobs/view/es-data-analyst-ingl%C3%A9s-alto-at-devoteam-3597204508?refId=3SUGH%2B2sHo4BT3aXZfWHuA%3D%3D&trackingId=tCqitnZqijt2UoKCrcUA5Q%3D%3D&position=25&pageNum=5&trk=public_jobs_jserp-result_search-card
Data Engineer,WIRIS,Barcelona y alrededores,Hace 3 días,https://es.linkedin.com/jobs/view/data-engineer-at-wiris-3656545974?refId=scf%2FPxXmT11hwoVeL6n6jA%3D%3D&trackingId=fT7qtjDs%2BtXFzksdynXBeg%3D%3D&position=1&pageNum=6&trk=public_jobs_jserp-result_search-card
Programador/a Bases de Datos,IN2 INGENIERIA DE LA INFORMACION,Barcelona y alrededores,Hace 9 horas,https://es.linkedin.com/jobs/view/programador-a-bases-de-datos-at-in2-ingenieria-de-la-informacion-3659011419?refId=scf%2FPxXmT11hwoVeL6n6jA%3D%3D&trackingId=O%2Fq3xePm2zPqK%2Fu15ICYYA%3D%3D&position=2&pageNum=6&trk=public_jobs_jserp-result_search-card
REPORTING & CONTROLLING,MANGO,Barcelona,Hace 3 semanas,https://es.linkedin.com/jobs/view/reporting-controlling-at-mango-3658815971?refId=scf%2FPxXmT11hwoVeL6n6jA%3D%3D&trackingId=VoqaOA11miChZrsmsiSwgw%3D%3D&position=3&pageNum=6&trk=public_jobs_jserp-result_search-card
Data Engineer - Finance Data Operations,Schneider Electric,Barcelona,Hace 2 meses,https://es.linkedin.com/jobs/view/data-engineer-finance-data-operations-at-schneider-electric-3620313244?refId=scf%2FPxXmT11hwoVeL6n6jA%3D%3D&trackingId=NZl232z%2BRxtO5vONSneRbQ%3D%3D&position=4&pageNum=6&trk=public_jobs_jserp-result_search-card
Senior Data Engineer,AirHelp,Barcelona,Hace 9 horas,https://es.linkedin.com/jobs/view/senior-data-engineer-at-airhelp-3659755565?refId=scf%2FPxXmT11hwoVeL6n6jA%3D%3D&trackingId=Nze6%2F1%2BST8d8%2BzulDWyN3w%3D%3D&position=5&pageNum=6&trk=public_jobs_jserp-result_search-card
Italian Language Data Analyst,TransPerfect,Barcelona,Hace 1 semana,https://es.linkedin.com/jobs/view/italian-language-data-analyst-at-transperfect-3642706620?refId=scf%2FPxXmT11hwoVeL6n6jA%3D%3D&trackingId=a7mUtkheHA6LQGpADt7GZw%3D%3D&position=6&pageNum=6&trk=public_jobs_jserp-result_search-card
Business Analytics and Intelligence Analyst,"Fenix Group International, LLC",Barcelona,Hace 1 hora,https://es.linkedin.com/jobs/view/business-analytics-and-intelligence-analyst-at-fenix-group-international-llc-3660099591?refId=scf%2FPxXmT11hwoVeL6n6jA%3D%3D&trackingId=88xqftvLLbmB7HXJZ9LE3w%3D%3D&position=7&pageNum=6&trk=public_jobs_jserp-result_search-card
Odoo Developer & Data Analyst,IOMED,Barcelona,Hace 3 días,https://es.linkedin.com/jobs/view/odoo-developer-data-analyst-at-iomed-3657890466?refId=scf%2FPxXmT11hwoVeL6n6jA%3D%3D&trackingId=ZFd%2FvUBR0jCDSwjqw7qDQg%3D%3D&position=8&pageNum=6&trk=public_jobs_jserp-result_search-card
Crypto Quantitative Analyst,Token Metrics,Barcelona,Hace 6 meses,https://es.linkedin.com/jobs/view/crypto-quantitative-analyst-at-token-metrics-3409488418?refId=scf%2FPxXmT11hwoVeL6n6jA%3D%3D&trackingId=aeimgqgm9AJPpvdVm4G4hA%3D%3D&position=9&pageNum=6&trk=public_jobs_jserp-result_search-card
Business Insights & Analytics Manager,Roche,Sant Cugat del Vallès,Hace 11 horas,https://es.linkedin.com/jobs/view/business-insights-analytics-manager-at-roche-3659718177?refId=scf%2FPxXmT11hwoVeL6n6jA%3D%3D&trackingId=EfSO%2B9mztHNFY6Ew15RzZQ%3D%3D&position=10&pageNum=6&trk=public_jobs_jserp-result_search-card
Data Scientist - Arquitectura Contable y Financial BI,CaixaBank,Barcelona,Hace 3 días,https://es.linkedin.com/jobs/view/data-scientist-arquitectura-contable-y-financial-bi-at-caixabank-3653202808?refId=scf%2FPxXmT11hwoVeL6n6jA%3D%3D&trackingId=KOPxArZs7br3JDsBTO2btw%3D%3D&position=11&pageNum=6&trk=public_jobs_jserp-result_search-card
Senior SOC Analyst,Bumble Inc.,Barcelona,Hace 2 días,https://es.linkedin.com/jobs/view/senior-soc-analyst-at-bumble-inc-3632941565?refId=scf%2FPxXmT11hwoVeL6n6jA%3D%3D&trackingId=5pc9Dl7jL1F6%2BmfTLg3eBw%3D%3D&position=12&pageNum=6&trk=public_jobs_jserp-result_search-card
Data Engineer exp +2 (30-40K),zenital,Barcelona,Hace 2 meses,https://es.linkedin.com/jobs/view/data-engineer-exp-%2B2-30-40k-at-zenital-3623042930?refId=scf%2FPxXmT11hwoVeL6n6jA%3D%3D&trackingId=f4w3jHyprPDVi2YODW%2BgUg%3D%3D&position=13&pageNum=6&trk=public_jobs_jserp-result_search-card
BI Consultant,LHH,Barcelona,Hace 1 mes,https://es.linkedin.com/jobs/view/bi-consultant-at-lhh-3615559353?refId=scf%2FPxXmT11hwoVeL6n6jA%3D%3D&trackingId=fIED051SjkzXxSbR1b595A%3D%3D&position=14&pageNum=6&trk=public_jobs_jserp-result_search-card
Data Acquisition Engineer,Applus+ IDIADA,Barcelona,Hace 1 semana,https://es.linkedin.com/jobs/view/data-acquisition-engineer-at-applus%2B-idiada-3652091619?refId=scf%2FPxXmT11hwoVeL6n6jA%3D%3D&trackingId=AEX%2B9YDdioxhXjxZfejEWA%3D%3D&position=15&pageNum=6&trk=public_jobs_jserp-result_search-card
Desarrollador Contrato Formativo,Mason Frank International,Barcelona,Hace 2 meses,https://es.linkedin.com/jobs/view/desarrollador-contrato-formativo-at-mason-frank-international-3599914362?refId=scf%2FPxXmT11hwoVeL6n6jA%3D%3D&trackingId=18CZ1Ox7CO%2Fl066YgeCB9A%3D%3D&position=16&pageNum=6&trk=public_jobs_jserp-result_search-card
PL/SQL Developer,Agap2 España,Cornellà de Llobregat,Hace 1 semana,https://es.linkedin.com/jobs/view/pl-sql-developer-at-agap2-espa%C3%B1a-3648348912?refId=scf%2FPxXmT11hwoVeL6n6jA%3D%3D&trackingId=Uzkwv4gGxnVZ5L0ilF5rfw%3D%3D&position=17&pageNum=6&trk=public_jobs_jserp-result_search-card
Data Engineer,Schwarz Dienstleistungen,Barcelona,Hace 4 semanas,https://es.linkedin.com/jobs/view/data-engineer-at-schwarz-dienstleistungen-3630470320?refId=scf%2FPxXmT11hwoVeL6n6jA%3D%3D&trackingId=UCS58T0fVT2t7NCkPSfWwQ%3D%3D&position=18&pageNum=6&trk=public_jobs_jserp-result_search-card
Data Center Design Engineer,JAM Recruitment,Barcelona,Hace 1 semana,https://es.linkedin.com/jobs/view/data-center-design-engineer-at-jam-recruitment-3651676012?refId=scf%2FPxXmT11hwoVeL6n6jA%3D%3D&trackingId=bJZcyC%2B1F%2BvaH%2BARmFdEtg%3D%3D&position=19&pageNum=6&trk=public_jobs_jserp-result_search-card
Data Engineer - Supply Chain,Ecolab,Barcelona,Hace 6 días,https://es.linkedin.com/jobs/view/data-engineer-supply-chain-at-ecolab-3651841870?refId=scf%2FPxXmT11hwoVeL6n6jA%3D%3D&trackingId=2DYbH4NI%2BIK2PEJ5dJiEsA%3D%3D&position=20&pageNum=6&trk=public_jobs_jserp-result_search-card
Data Team Lead,Tilting Point,Barcelona,Hace 1 mes,https://es.linkedin.com/jobs/view/data-team-lead-at-tilting-point-3641779124?refId=scf%2FPxXmT11hwoVeL6n6jA%3D%3D&trackingId=9hnQRsdsyXaaxnquCfTODg%3D%3D&position=21&pageNum=6&trk=public_jobs_jserp-result_search-card
Data Engineer Azure (100% teletrabajo),Krell Consulting,Barcelona,Hace 4 días,https://es.linkedin.com/jobs/view/data-engineer-azure-100%25-teletrabajo-at-krell-consulting-3657208236?refId=scf%2FPxXmT11hwoVeL6n6jA%3D%3D&trackingId=xgvRrUH5Ct8v5IHDEW7yWw%3D%3D&position=22&pageNum=6&trk=public_jobs_jserp-result_search-card
Data Analyst & Planon Administrator – Global Real Estate,Schneider Electric,Barcelona,Hace 1 mes,https://es.linkedin.com/jobs/view/data-analyst-planon-administrator-%E2%80%93-global-real-estate-at-schneider-electric-3619158733?refId=scf%2FPxXmT11hwoVeL6n6jA%3D%3D&trackingId=S1a7VdMf6cZ2N%2BGK9YmVwQ%3D%3D&position=23&pageNum=6&trk=public_jobs_jserp-result_search-card
Data and Technical Operations Engineer,Clarity AI,Barcelona,Hace 3 semanas,https://es.linkedin.com/jobs/view/data-and-technical-operations-engineer-at-clarity-ai-3635290677?refId=scf%2FPxXmT11hwoVeL6n6jA%3D%3D&trackingId=Z5pmKD9JHuMaIzuU5zA0OQ%3D%3D&position=24&pageNum=6&trk=public_jobs_jserp-result_search-card
Data Engineer,IOMED,Barcelona,Hace 3 días,https://es.linkedin.com/jobs/view/data-engineer-at-iomed-3657875808?refId=scf%2FPxXmT11hwoVeL6n6jA%3D%3D&trackingId=K2v4ePFP0QiIARb6rtXSGA%3D%3D&position=25&pageNum=6&trk=public_jobs_jserp-result_search-card
